{"position":{"x":-0.01696638454597288,"y":0.039101179914850626,"z":-0.02758467521891994},"rotation":{"x":33.05201116675835,"y":39.42897775641925,"z":-29.68008726079371},"scale":{"x":0.23599999999999932,"y":0.23599999999999932,"z":0.23599999999999932},"brightness":0.4499999999999995,"reflectivity":2.0200000000000005,"shininess":0}